"product_id","product_name","price","stock_quantity","expiration_date","discount_percentage","is_organic","rating","supplier_id","category_id","supplier","category"
"P0001","Pizza","86.45",500,"2028-03-31",37,"Yes","1.8",5,1,"Supplier_10","Bakery"
"P0002","Tomato","49.68",55,"2028-04-01",50,"No","4.9",19,6,"Supplier_14","Fruits"
"P0003","Bread","91.17",240,"2028-04-02",19,"No","2.6",17,9,"Supplier_6","Vegetables"
"P0004","Shrimp","64.20",160,"2028-04-03",12,"Yes","4.9",15,4,"Supplier_4","Dairy"
"P0005","Cheese","41.49",482,"2028-04-04",26,"No","4.7",18,3,"Supplier_12","Snacks"
"P0006","Frozen Peas","23.69",350,"2028-04-05",18,"Yes","4.1",14,2,"Supplier_18","Meat"
"P0007","Banana","72.60",51,"2028-04-06",45,"Yes","4.5",11,7,"Supplier_16","Frozen Foods"
"P0008","Chicken","19.82",459,"2028-04-07",42,"No","4.3",5,1,"Supplier_10","Bakery"
"P0009","Ice Cream","5.07",492,"2028-04-08",27,"Yes","2.6",18,4,"Supplier_12","Dairy"
"P0010","Carrot","85.18",152,"2028-04-09",50,"No","3.4",7,3,"Supplier_1","Snacks"
"P0011","Shrimp","49.88",153,"2028-04-10",33,"No","2.6",19,9,"Supplier_14","Vegetables"
"P0012","Muffin","34.38",220,"2028-04-11",27,"No","3.1",3,4,"Supplier_20","Dairy"
"P0013","Muffin","53.08",188,"2028-04-12",47,"Yes","3.2",1,1,"Supplier_3","Bakery"
"P0014","Pork","98.25",474,"2028-04-13",5,"Yes","2.5",7,3,"Supplier_1","Snacks"
"P0015","Cookies","13.07",224,"2028-04-14",22,"Yes","3.9",13,9,"Supplier_19","Vegetables"
"P0016","Juice","40.13",299,"2028-04-15",47,"No","1.3",9,2,"Supplier_17","Meat"
"P0017","Beef","25.22",262,"2028-04-16",1,"No","1.2",19,3,"Supplier_14","Snacks"
"P0018","Salmon","92.25",419,"2028-04-17",6,"Yes","3.3",12,5,"Supplier_11","Seafood"
"P0019","Pizza","11.53",422,"2028-04-18",21,"Yes","3.6",7,3,"Supplier_1","Snacks"
"P0020","Carrot","56.92",174,"2028-04-19",23,"No","3.5",17,8,"Supplier_6","Beverages"
"P0021","Milk","23.44",114,"2028-04-20",12,"No","1.1",17,3,"Supplier_6","Snacks"
"P0022","Pork","37.53",77,"2028-04-21",10,"No","4.3",7,9,"Supplier_1","Vegetables"
"P0023","Pizza","83.48",218,"2028-04-22",23,"Yes","4.7",19,1,"Supplier_14","Bakery"
"P0024","Tuna","15.19",397,"2028-04-23",25,"Yes","5.0",11,3,"Supplier_16","Snacks"
"P0025","Orange","3.05",250,"2028-04-24",48,"Yes","1.4",7,2,"Supplier_1","Meat"
"P0026","Juice","94.95",340,"2028-04-25",0,"Yes","2.3",5,2,"Supplier_10","Meat"
"P0027","Bread","24.40",291,"2028-03-31",14,"No","3.1",4,2,"Supplier_7","Meat"
"P0028","Cheese","56.16",414,"2028-04-01",22,"No","3.4",11,6,"Supplier_16","Fruits"
"P0029","Ice Cream","2.01",231,"2028-04-02",17,"No","2.9",1,5,"Supplier_3","Seafood"
"P0030","Chicken","43.85",488,"2028-04-03",34,"Yes","2.9",6,8,"Supplier_13","Beverages"
"P0031","Frozen Peas","99.82",343,"2028-04-04",38,"No","5.0",3,5,"Supplier_20","Seafood"
"P0032","Chips","15.90",342,"2028-04-05",4,"No","4.5",18,1,"Supplier_12","Bakery"
"P0033","Tuna","48.27",433,"2028-04-06",39,"No","4.1",19,2,"Supplier_14","Meat"
"P0034","Tomato","79.40",15,"2028-04-07",0,"No","3.0",19,3,"Supplier_14","Snacks"
"P0035","Coffee","84.69",223,"2028-04-08",23,"Yes","2.9",8,6,"Supplier_5","Fruits"
"P0036","Juice","9.29",405,"2028-04-09",17,"No","2.2",20,5,"Supplier_2","Seafood"
"P0037","Cookies","29.69",470,"2028-04-10",18,"Yes","3.6",17,6,"Supplier_6","Fruits"
"P0038","Carrot","73.47",19,"2028-04-11",45,"No","4.8",8,7,"Supplier_5","Frozen Foods"
"P0039","Apple","36.34",442,"2028-04-12",23,"No","2.8",16,8,"Supplier_9","Beverages"
"P0040","Cheese","68.45",365,"2028-04-13",15,"No","1.8",10,7,"Supplier_8","Frozen Foods"
"P0041","Milk","41.23",139,"2028-04-14",0,"No","3.0",12,9,"Supplier_11","Vegetables"
"P0042","Tuna","67.33",430,"2028-04-15",30,"No","3.3",19,9,"Supplier_14","Vegetables"
"P0043","Apple","82.90",410,"2028-04-16",30,"Yes","3.7",16,5,"Supplier_9","Seafood"
"P0044","Cake","46.21",140,"2028-04-17",36,"Yes","3.1",2,6,"Supplier_15","Fruits"
"P0045","Shrimp","34.50",399,"2028-04-18",26,"No","4.7",8,5,"Supplier_5","Seafood"
"P0046","Coffee","59.02",204,"2028-04-19",27,"Yes","4.5",20,1,"Supplier_2","Bakery"
"P0047","Frozen Peas","30.68",123,"2028-04-20",38,"No","5.0",6,5,"Supplier_13","Seafood"
"P0048","Carrot","42.22",263,"2028-04-21",24,"Yes","1.1",5,1,"Supplier_10","Bakery"
"P0049","Cake","77.90",175,"2028-04-22",2,"Yes","1.6",15,6,"Supplier_4","Fruits"
"P0050","Ice Cream","22.99",44,"2028-04-23",14,"No","3.3",13,1,"Supplier_19","Bakery"
"P0051","Tea","93.44",416,"2028-04-24",41,"Yes","2.8",8,7,"Supplier_5","Frozen Foods"
"P0052","Potato","86.85",499,"2028-04-25",36,"No","4.4",12,3,"Supplier_11","Snacks"
"P0053","Cookies","73.97",102,"2028-03-31",26,"No","1.4",7,7,"Supplier_1","Frozen Foods"
"P0054","Bread","81.60",262,"2028-04-01",31,"No","1.2",14,9,"Supplier_18","Vegetables"
"P0055","Coffee","47.62",238,"2028-04-02",49,"No","3.1",8,7,"Supplier_5","Frozen Foods"
"P0056","Pizza","90.68",114,"2028-04-03",27,"No","2.6",4,4,"Supplier_7","Dairy"
"P0057","Coffee","40.20",446,"2028-04-04",20,"Yes","4.5",1,3,"Supplier_3","Snacks"
"P0058","Shrimp","53.03",111,"2028-04-05",21,"No","2.1",7,8,"Supplier_1","Beverages"
"P0059","Frozen Peas","65.38",48,"2028-04-06",27,"No","4.4",20,1,"Supplier_2","Bakery"
"P0060","Banana","48.51",222,"2028-04-07",24,"No","1.4",13,5,"Supplier_19","Seafood"
"P0061","Tomato","84.35",411,"2028-04-08",37,"Yes","4.5",18,3,"Supplier_12","Snacks"
"P0062","Frozen Peas","1.44",171,"2028-04-09",5,"No","1.8",14,6,"Supplier_18","Fruits"
"P0063","Cake","11.97",135,"2028-04-10",12,"Yes","2.8",17,1,"Supplier_6","Bakery"
"P0064","Pork","80.12",54,"2028-04-11",21,"No","3.3",20,9,"Supplier_2","Vegetables"
"P0065","Frozen Peas","89.60",161,"2028-04-12",18,"No","1.8",14,4,"Supplier_18","Dairy"
"P0066","Chips","68.63",317,"2028-04-13",13,"No","3.7",11,2,"Supplier_16","Meat"
"P0067","Chips","76.28",493,"2028-04-14",21,"Yes","3.3",11,6,"Supplier_16","Fruits"
"P0068","Pizza","19.08",186,"2028-04-15",49,"Yes","3.6",4,2,"Supplier_7","Meat"
"P0069","Muffin","7.65",446,"2028-04-16",31,"No","3.8",16,7,"Supplier_9","Frozen Foods"
"P0070","Pork","31.92",253,"2028-04-17",45,"Yes","1.8",4,2,"Supplier_7","Meat"
"P0071","Yogurt","84.56",317,"2028-04-18",34,"Yes","2.5",14,9,"Supplier_18","Vegetables"
"P0072","Muffin","59.04",422,"2028-04-19",29,"Yes","3.6",4,6,"Supplier_7","Fruits"
"P0073","Yogurt","79.82",328,"2028-04-20",45,"No","2.4",13,1,"Supplier_19","Bakery"
"P0074","Cake","94.84",15,"2028-04-21",50,"No","1.7",16,5,"Supplier_9","Seafood"
"P0075","Popcorn","5.06",54,"2028-04-22",14,"Yes","1.5",12,8,"Supplier_11","Beverages"
"P0076","Pork","43.22",28,"2028-04-23",23,"No","3.8",13,2,"Supplier_19","Meat"
"P0077","Bread","95.55",228,"2028-04-24",4,"Yes","4.7",16,1,"Supplier_9","Bakery"
"P0078","Ice Cream","84.68",62,"2028-04-25",27,"No","1.3",18,1,"Supplier_12","Bakery"
"P0079","Frozen Peas","94.40",26,"2028-03-31",31,"No","1.8",6,5,"Supplier_13","Seafood"
"P0080","Chips","66.32",417,"2028-04-01",43,"No","2.2",11,8,"Supplier_16","Beverages"
"P0081","Tomato","70.05",494,"2028-04-02",33,"Yes","4.6",11,2,"Supplier_16","Meat"
"P0082","Bread","1.80",136,"2028-04-03",32,"Yes","3.0",20,9,"Supplier_2","Vegetables"
"P0083","Orange","82.23",304,"2028-04-04",26,"Yes","1.7",15,7,"Supplier_4","Frozen Foods"
"P0084","Potato","36.04",110,"2028-04-05",24,"No","3.2",18,3,"Supplier_12","Snacks"
"P0085","Banana","91.62",404,"2028-04-06",41,"No","4.6",16,8,"Supplier_9","Beverages"
"P0086","Banana","88.04",295,"2028-04-07",39,"Yes","3.7",3,7,"Supplier_20","Frozen Foods"
"P0087","Chips","55.72",477,"2028-04-08",43,"Yes","3.9",11,3,"Supplier_16","Snacks"
"P0088","Pork","58.42",124,"2028-04-09",15,"No","2.8",14,4,"Supplier_18","Dairy"
"P0089","Tuna","5.46",409,"2028-04-10",18,"Yes","4.1",11,4,"Supplier_16","Dairy"
"P0090","Pork","65.55",217,"2028-04-11",33,"Yes","1.4",3,3,"Supplier_20","Snacks"
"P0091","Banana","81.28",242,"2028-04-12",4,"Yes","1.9",10,3,"Supplier_8","Snacks"
"P0092","Popcorn","29.69",373,"2028-04-13",36,"No","1.1",11,5,"Supplier_16","Seafood"
"P0093","Cake","30.79",242,"2028-04-14",44,"No","4.5",4,8,"Supplier_7","Beverages"
"P0094","Milk","51.88",57,"2028-04-15",7,"Yes","2.3",3,7,"Supplier_20","Frozen Foods"
"P0095","Ice Cream","38.24",177,"2028-04-16",45,"Yes","2.5",5,7,"Supplier_10","Frozen Foods"
"P0096","Yogurt","68.66",87,"2028-04-17",9,"Yes","4.6",1,8,"Supplier_3","Beverages"
"P0097","Frozen Peas","84.60",150,"2028-04-18",22,"No","4.7",5,8,"Supplier_10","Beverages"
"P0098","Tomato","2.56",394,"2028-04-19",41,"Yes","2.4",20,3,"Supplier_2","Snacks"
"P0099","Potato","13.93",177,"2028-04-20",40,"No","1.4",12,9,"Supplier_11","Vegetables"
"P0100","Coffee","3.11",349,"2028-04-21",33,"No","3.2",9,3,"Supplier_17","Snacks"
"P0101","Frozen Peas","62.21",85,"2028-04-22",47,"No","2.0",19,7,"Supplier_14","Frozen Foods"
"P0102","Chips","66.44",126,"2028-04-23",6,"Yes","1.9",19,4,"Supplier_14","Dairy"
"P0103","Ice Cream","31.62",284,"2028-04-24",19,"Yes","2.8",18,3,"Supplier_12","Snacks"
"P0104","Cheese","52.56",280,"2028-04-25",31,"No","2.1",7,2,"Supplier_1","Meat"
"P0105","Pork","47.39",62,"2028-03-31",34,"No","1.6",8,4,"Supplier_5","Dairy"
"P0106","Juice","96.85",390,"2028-04-01",3,"Yes","1.9",12,2,"Supplier_11","Meat"
"P0107","Coffee","26.12",265,"2028-04-02",41,"Yes","4.6",14,3,"Supplier_18","Snacks"
"P0108","Muffin","48.09",282,"2028-04-03",22,"No","3.2",11,2,"Supplier_16","Meat"
"P0109","Tea","26.79",366,"2028-04-04",17,"No","3.5",8,6,"Supplier_5","Fruits"
"P0110","Cheese","61.24",42,"2028-04-05",48,"No","3.7",16,1,"Supplier_9","Bakery"
"P0111","Ice Cream","19.04",102,"2028-04-06",22,"No","1.0",16,7,"Supplier_9","Frozen Foods"
"P0112","Bread","66.20",345,"2028-04-07",44,"No","4.4",1,6,"Supplier_3","Fruits"
"P0113","Bread","2.54",59,"2028-04-08",44,"Yes","3.1",2,4,"Supplier_15","Dairy"
"P0114","Carrot","19.13",149,"2028-04-09",15,"Yes","3.7",17,7,"Supplier_6","Frozen Foods"
"P0115","Salmon","33.02",298,"2028-04-10",41,"Yes","4.9",5,9,"Supplier_10","Vegetables"
"P0116","Salmon","62.76",32,"2028-04-11",2,"No","1.3",16,6,"Supplier_9","Fruits"
"P0117","Frozen Peas","80.29",115,"2028-04-12",42,"No","4.8",8,3,"Supplier_5","Snacks"
"P0118","Frozen Peas","44.58",378,"2028-04-13",39,"Yes","1.3",11,8,"Supplier_16","Beverages"
"P0119","Muffin","19.70",255,"2028-04-14",18,"Yes","1.4",17,6,"Supplier_6","Fruits"
"P0120","Tuna","60.40",36,"2028-04-15",44,"Yes","3.3",17,5,"Supplier_6","Seafood"
"P0121","Tea","11.54",72,"2028-04-16",25,"Yes","1.8",16,8,"Supplier_9","Beverages"
"P0122","Popcorn","50.03",156,"2028-04-17",19,"No","4.0",11,8,"Supplier_16","Beverages"
"P0123","Muffin","9.50",394,"2028-04-18",11,"Yes","3.8",15,6,"Supplier_4","Fruits"
"P0124","Salmon","4.07",410,"2028-04-19",31,"Yes","4.9",18,7,"Supplier_12","Frozen Foods"
"P0125","Beef","10.09",322,"2028-04-20",46,"Yes","5.0",6,5,"Supplier_13","Seafood"
"P0126","Milk","11.38",322,"2028-04-21",48,"Yes","4.4",13,3,"Supplier_19","Snacks"
"P0127","Potato","17.90",165,"2028-04-22",7,"Yes","4.3",11,8,"Supplier_16","Beverages"
"P0128","Ice Cream","33.07",259,"2028-04-23",41,"Yes","3.3",11,6,"Supplier_16","Fruits"
"P0129","Frozen Peas","86.49",206,"2028-04-24",28,"No","2.2",4,6,"Supplier_7","Fruits"
"P0130","Pizza","30.97",158,"2028-04-25",25,"Yes","4.0",18,4,"Supplier_12","Dairy"
"P0131","Orange","21.08",159,"2028-03-31",49,"Yes","1.6",10,9,"Supplier_8","Vegetables"
"P0132","Chips","39.54",60,"2028-04-01",37,"No","2.5",11,4,"Supplier_16","Dairy"
"P0133","Salmon","98.73",37,"2028-04-02",0,"No","4.7",9,4,"Supplier_17","Dairy"
"P0134","Carrot","35.10",247,"2028-04-03",16,"Yes","2.1",19,8,"Supplier_14","Beverages"
"P0135","Cheese","39.33",278,"2028-04-04",13,"No","1.3",16,8,"Supplier_9","Beverages"
"P0136","Pizza","30.15",89,"2028-04-05",28,"No","3.6",9,6,"Supplier_17","Fruits"
"P0137","Cookies","37.56",436,"2028-04-06",12,"No","3.2",4,5,"Supplier_7","Seafood"
"P0138","Chips","98.53",175,"2028-04-07",27,"Yes","3.6",2,4,"Supplier_15","Dairy"
"P0139","Coffee","40.51",111,"2028-04-08",40,"Yes","4.4",20,8,"Supplier_2","Beverages"
"P0140","Orange","35.11",153,"2028-04-09",16,"No","1.8",13,9,"Supplier_19","Vegetables"
"P0141","Apple","12.72",432,"2028-04-10",6,"No","3.9",17,4,"Supplier_6","Dairy"
"P0142","Cheese","54.86",41,"2028-04-11",40,"Yes","4.8",10,4,"Supplier_8","Dairy"
"P0143","Pizza","36.99",203,"2028-04-12",49,"No","1.0",17,3,"Supplier_6","Snacks"
"P0144","Salmon","50.23",333,"2028-04-13",6,"Yes","2.9",11,2,"Supplier_16","Meat"
"P0145","Chips","60.41",124,"2028-04-14",42,"Yes","4.7",17,4,"Supplier_6","Dairy"
"P0146","Carrot","32.17",406,"2028-04-15",20,"No","3.3",2,4,"Supplier_15","Dairy"
"P0147","Cake","31.93",122,"2028-04-16",48,"Yes","3.6",20,9,"Supplier_2","Vegetables"
"P0148","Pork","4.85",71,"2028-04-17",0,"No","4.4",5,8,"Supplier_10","Beverages"
"P0149","Chips","28.31",127,"2028-04-18",11,"Yes","3.3",16,2,"Supplier_9","Meat"
"P0150","Cookies","98.47",432,"2028-04-19",24,"No","4.8",6,1,"Supplier_13","Bakery"
"P0151","Tea","98.65",294,"2028-04-20",35,"No","1.2",1,9,"Supplier_3","Vegetables"
"P0152","Carrot","53.55",55,"2028-04-21",36,"No","4.9",19,4,"Supplier_14","Dairy"
"P0153","Muffin","51.56",142,"2028-04-22",50,"No","1.4",17,7,"Supplier_6","Frozen Foods"
"P0154","Banana","1.53",29,"2028-04-23",34,"No","2.7",17,6,"Supplier_6","Fruits"
"P0155","Bread","33.50",280,"2028-04-24",12,"No","2.0",12,7,"Supplier_11","Frozen Foods"
"P0156","Bread","99.47",221,"2028-04-25",26,"Yes","1.0",17,4,"Supplier_6","Dairy"
"P0157","Ice Cream","68.18",61,"2028-03-31",17,"Yes","2.9",20,3,"Supplier_2","Snacks"
"P0158","Coffee","25.04",216,"2028-04-01",32,"Yes","4.3",18,4,"Supplier_12","Dairy"
"P0159","Frozen Peas","70.74",189,"2028-04-02",18,"Yes","2.8",12,8,"Supplier_11","Beverages"
"P0160","Apple","86.74",264,"2028-04-03",46,"No","4.5",5,7,"Supplier_10","Frozen Foods"
"P0161","Salmon","89.49",390,"2028-04-04",39,"No","1.6",16,6,"Supplier_9","Fruits"
"P0162","Orange","72.02",193,"2028-04-05",34,"Yes","3.6",5,2,"Supplier_10","Meat"
"P0163","Popcorn","97.64",255,"2028-04-06",16,"Yes","1.4",11,8,"Supplier_16","Beverages"
"P0164","Cookies","87.41",92,"2028-04-07",37,"Yes","3.6",16,8,"Supplier_9","Beverages"
"P0165","Banana","66.31",384,"2028-04-08",29,"Yes","2.7",6,7,"Supplier_13","Frozen Foods"
"P0166","Ice Cream","48.61",303,"2028-04-09",9,"No","4.9",5,9,"Supplier_10","Vegetables"
"P0167","Frozen Peas","3.67",44,"2028-04-10",45,"No","3.5",8,8,"Supplier_5","Beverages"
"P0168","Coffee","68.81",267,"2028-04-11",34,"Yes","4.7",9,2,"Supplier_17","Meat"
"P0169","Juice","71.62",348,"2028-04-12",50,"No","1.0",19,2,"Supplier_14","Meat"
"P0170","Banana","89.20",448,"2028-04-13",48,"Yes","4.6",11,8,"Supplier_16","Beverages"
"P0171","Chips","40.92",242,"2028-04-14",38,"Yes","3.7",16,5,"Supplier_9","Seafood"
"P0172","Beef","59.99",100,"2028-04-15",43,"Yes","1.1",2,9,"Supplier_15","Vegetables"
"P0173","Apple","75.05",269,"2028-04-16",18,"No","3.6",12,9,"Supplier_11","Vegetables"
"P0174","Potato","78.29",18,"2028-04-17",39,"No","3.4",19,6,"Supplier_14","Fruits"
"P0175","Cookies","3.09",142,"2028-04-18",12,"Yes","4.9",11,8,"Supplier_16","Beverages"
"P0176","Popcorn","47.70",448,"2028-04-19",3,"Yes","1.6",4,9,"Supplier_7","Vegetables"
"P0177","Beef","26.53",454,"2028-04-20",49,"Yes","3.2",6,8,"Supplier_13","Beverages"
"P0178","Cake","85.02",173,"2028-04-21",30,"Yes","3.7",3,7,"Supplier_20","Frozen Foods"
"P0179","Chicken","29.65",250,"2028-04-22",48,"Yes","3.7",6,3,"Supplier_13","Snacks"
"P0180","Juice","77.70",247,"2028-04-23",29,"No","3.6",16,4,"Supplier_9","Dairy"
"P0181","Ice Cream","24.20",239,"2028-04-24",46,"Yes","3.9",10,4,"Supplier_8","Dairy"
"P0182","Tomato","58.36",124,"2028-04-25",8,"Yes","3.6",14,1,"Supplier_18","Bakery"
"P0183","Carrot","25.81",386,"2028-03-31",43,"Yes","4.5",12,6,"Supplier_11","Fruits"
"P0184","Chicken","74.08",370,"2028-04-01",50,"No","3.5",3,5,"Supplier_20","Seafood"
"P0185","Orange","54.15",432,"2028-04-02",35,"Yes","4.0",15,5,"Supplier_4","Seafood"
"P0186","Apple","89.45",231,"2028-04-03",10,"No","1.5",14,4,"Supplier_18","Dairy"
"P0187","Pork","14.20",390,"2028-04-04",42,"No","4.2",11,2,"Supplier_16","Meat"
"P0188","Juice","2.52",228,"2028-04-05",24,"Yes","1.3",2,1,"Supplier_15","Bakery"
"P0189","Apple","18.41",448,"2028-04-06",26,"Yes","1.8",6,8,"Supplier_13","Beverages"
"P0190","Potato","84.81",263,"2028-04-07",46,"Yes","4.6",13,2,"Supplier_19","Meat"
"P0191","Muffin","96.59",83,"2028-04-08",31,"No","1.6",20,3,"Supplier_2","Snacks"
"P0192","Banana","42.24",69,"2028-04-09",50,"Yes","4.0",11,7,"Supplier_16","Frozen Foods"
"P0193","Salmon","8.66",362,"2028-04-10",37,"Yes","4.3",3,2,"Supplier_20","Meat"
"P0194","Banana","65.53",317,"2028-04-11",38,"No","3.6",19,8,"Supplier_14","Beverages"
"P0195","Juice","81.93",481,"2028-04-12",22,"Yes","3.1",8,5,"Supplier_5","Seafood"
"P0196","Pizza","62.95",280,"2028-04-13",34,"Yes","3.8",5,2,"Supplier_10","Meat"
"P0197","Chicken","3.27",287,"2028-04-14",14,"Yes","1.5",11,9,"Supplier_16","Vegetables"
"P0198","Bread","35.48",86,"2028-04-15",37,"Yes","2.1",14,6,"Supplier_18","Fruits"
"P0199","Coffee","96.41",380,"2028-04-16",20,"No","3.9",13,1,"Supplier_19","Bakery"
"P0200","Beef","4.06",170,"2028-04-17",31,"No","4.0",14,7,"Supplier_18","Frozen Foods"
"P0201","Chicken","21.58",102,"2028-04-18",7,"Yes","1.6",7,1,"Supplier_1","Bakery"
"P0202","Coffee","47.04",420,"2028-04-19",43,"No","2.4",7,6,"Supplier_1","Fruits"
"P0203","Orange","30.68",182,"2028-04-20",10,"Yes","4.9",7,4,"Supplier_1","Dairy"
"P0204","Salmon","16.53",186,"2028-04-21",29,"Yes","1.4",14,5,"Supplier_18","Seafood"
"P0205","Frozen Peas","67.09",238,"2028-04-22",25,"Yes","1.2",1,3,"Supplier_3","Snacks"
"P0206","Apple","74.48",28,"2028-04-23",34,"No","3.9",18,1,"Supplier_12","Bakery"
"P0207","Banana","55.08",385,"2028-04-24",14,"No","2.3",2,2,"Supplier_15","Meat"
"P0208","Orange","75.49",201,"2028-04-25",45,"Yes","2.5",14,3,"Supplier_18","Snacks"
"P0209","Pork","13.58",281,"2028-03-31",30,"No","3.8",4,1,"Supplier_7","Bakery"
"P0210","Tomato","46.59",233,"2028-04-01",8,"No","3.0",7,2,"Supplier_1","Meat"
"P0211","Chicken","2.08",108,"2028-04-02",32,"Yes","2.7",4,6,"Supplier_7","Fruits"
"P0212","Tea","84.22",83,"2028-04-03",36,"Yes","4.5",7,7,"Supplier_1","Frozen Foods"
"P0213","Bread","90.54",205,"2028-04-04",12,"Yes","2.0",20,5,"Supplier_2","Seafood"
"P0214","Potato","61.70",106,"2028-04-05",8,"No","4.6",15,4,"Supplier_4","Dairy"
"P0215","Cheese","23.96",160,"2028-04-06",1,"Yes","1.4",9,4,"Supplier_17","Dairy"
"P0216","Shrimp","3.10",151,"2028-04-07",33,"No","1.5",14,4,"Supplier_18","Dairy"
"P0217","Cookies","12.35",278,"2028-04-08",6,"Yes","3.0",10,5,"Supplier_8","Seafood"
"P0218","Tomato","84.47",37,"2028-04-09",37,"No","1.0",9,5,"Supplier_17","Seafood"
"P0219","Cookies","81.44",74,"2028-04-10",35,"No","2.0",17,7,"Supplier_6","Frozen Foods"
"P0220","Juice","2.03",213,"2028-04-11",18,"Yes","2.9",20,2,"Supplier_2","Meat"
"P0221","Juice","71.37",156,"2028-04-12",18,"Yes","2.2",11,3,"Supplier_16","Snacks"
"P0222","Shrimp","94.06",369,"2028-04-13",48,"Yes","3.2",9,6,"Supplier_17","Fruits"
"P0223","Banana","58.44",461,"2028-04-14",20,"Yes","4.0",4,3,"Supplier_7","Snacks"
"P0224","Tea","65.26",446,"2028-04-15",50,"No","3.3",4,7,"Supplier_7","Frozen Foods"
"P0225","Apple","91.25",240,"2028-04-16",26,"No","3.0",14,7,"Supplier_18","Frozen Foods"
"P0226","Popcorn","59.51",191,"2028-04-17",50,"No","2.2",17,3,"Supplier_6","Snacks"
"P0227","Tomato","81.31",455,"2028-04-18",5,"No","2.3",19,6,"Supplier_14","Fruits"
"P0228","Cheese","36.42",145,"2028-04-19",26,"No","2.6",10,5,"Supplier_8","Seafood"
"P0229","Pizza","16.84",375,"2028-04-20",33,"Yes","3.3",3,3,"Supplier_20","Snacks"
"P0230","Muffin","66.02",178,"2028-04-21",48,"Yes","3.8",6,6,"Supplier_13","Fruits"
"P0231","Yogurt","76.30",306,"2028-04-22",24,"No","4.9",15,4,"Supplier_4","Dairy"
"P0232","Muffin","86.78",111,"2028-04-23",29,"Yes","3.7",19,4,"Supplier_14","Dairy"
"P0233","Cheese","88.88",132,"2028-04-24",7,"No","3.4",9,7,"Supplier_17","Frozen Foods"
"P0234","Pork","32.49",346,"2028-04-25",44,"Yes","4.1",4,4,"Supplier_7","Dairy"
"P0235","Cookies","63.64",375,"2028-03-31",4,"No","3.7",12,1,"Supplier_11","Bakery"
"P0236","Cheese","61.12",314,"2028-04-01",23,"No","2.2",7,4,"Supplier_1","Dairy"
"P0237","Beef","30.61",85,"2028-04-02",48,"No","3.8",16,7,"Supplier_9","Frozen Foods"
"P0238","Yogurt","4.63",252,"2028-04-03",45,"Yes","2.6",8,1,"Supplier_5","Bakery"
"P0239","Bread","48.09",475,"2028-04-04",15,"Yes","4.8",3,7,"Supplier_20","Frozen Foods"
"P0240","Bread","21.81",456,"2028-04-05",13,"Yes","2.8",2,5,"Supplier_15","Seafood"
"P0241","Tea","20.26",47,"2028-04-06",43,"No","2.5",11,1,"Supplier_16","Bakery"
"P0242","Apple","33.22",238,"2028-04-07",32,"No","4.0",13,5,"Supplier_19","Seafood"
"P0243","Apple","46.88",44,"2028-04-08",1,"Yes","2.3",5,5,"Supplier_10","Seafood"
"P0244","Milk","91.24",299,"2028-04-09",34,"Yes","2.4",2,4,"Supplier_15","Dairy"
"P0245","Tuna","7.27",214,"2028-04-10",7,"Yes","4.6",8,8,"Supplier_5","Beverages"
"P0246","Cake","10.22",427,"2028-04-11",42,"Yes","3.2",12,2,"Supplier_11","Meat"
"P0247","Apple","69.52",119,"2028-04-12",44,"No","2.7",13,2,"Supplier_19","Meat"
"P0248","Banana","48.52",345,"2028-04-13",42,"Yes","2.2",11,7,"Supplier_16","Frozen Foods"
"P0249","Apple","87.57",306,"2028-04-14",35,"No","2.7",6,9,"Supplier_13","Vegetables"
"P0250","Coffee","92.05",159,"2028-04-15",13,"Yes","5.0",13,7,"Supplier_19","Frozen Foods"
"P0251","Cookies","27.55",306,"2028-04-16",19,"Yes","4.5",1,6,"Supplier_3","Fruits"
"P0252","Cookies","24.19",332,"2028-04-17",23,"No","1.6",4,5,"Supplier_7","Seafood"
"P0253","Tomato","47.72",113,"2028-04-18",49,"No","4.6",20,4,"Supplier_2","Dairy"
"P0254","Muffin","9.15",136,"2028-04-19",10,"No","1.6",16,7,"Supplier_9","Frozen Foods"
"P0255","Pizza","60.02",350,"2028-04-20",13,"No","1.7",14,1,"Supplier_18","Bakery"
"P0256","Tuna","88.35",314,"2028-04-21",15,"No","4.6",12,6,"Supplier_11","Fruits"
"P0257","Salmon","71.32",297,"2028-04-22",46,"No","4.0",13,4,"Supplier_19","Dairy"
"P0258","Chips","24.92",27,"2028-04-23",38,"Yes","2.7",8,4,"Supplier_5","Dairy"
"P0259","Cake","10.74",45,"2028-04-24",50,"No","2.1",1,1,"Supplier_3","Bakery"
"P0260","Juice","6.91",406,"2028-04-25",0,"Yes","4.6",12,7,"Supplier_11","Frozen Foods"
"P0261","Pizza","62.41",431,"2028-03-31",46,"Yes","5.0",18,1,"Supplier_12","Bakery"
"P0262","Salmon","7.71",57,"2028-04-01",9,"No","1.8",8,6,"Supplier_5","Fruits"
"P0263","Beef","70.35",247,"2028-04-02",50,"Yes","1.8",3,6,"Supplier_20","Fruits"
"P0264","Banana","62.38",396,"2028-04-03",3,"No","1.7",8,7,"Supplier_5","Frozen Foods"
"P0265","Salmon","45.60",205,"2028-04-04",25,"Yes","4.8",13,6,"Supplier_19","Fruits"
"P0266","Shrimp","24.50",163,"2028-04-05",13,"Yes","2.4",12,2,"Supplier_11","Meat"
"P0267","Pork","73.60",255,"2028-04-06",3,"Yes","2.8",6,8,"Supplier_13","Beverages"
"P0268","Ice Cream","99.35",120,"2028-04-07",23,"Yes","2.7",8,1,"Supplier_5","Bakery"
"P0269","Apple","88.05",89,"2028-04-08",26,"Yes","4.3",14,4,"Supplier_18","Dairy"
"P0270","Tea","16.86",74,"2028-04-09",16,"Yes","5.0",1,3,"Supplier_3","Snacks"
"P0271","Tomato","69.48",442,"2028-04-10",49,"Yes","4.2",2,1,"Supplier_15","Bakery"
"P0272","Apple","79.29",242,"2028-04-11",7,"Yes","2.6",15,7,"Supplier_4","Frozen Foods"
"P0273","Pork","78.68",301,"2028-04-12",6,"No","2.7",15,6,"Supplier_4","Fruits"
"P0274","Pork","47.55",438,"2028-04-13",4,"Yes","3.2",17,8,"Supplier_6","Beverages"
"P0275","Pork","6.00",352,"2028-04-14",31,"Yes","2.9",11,1,"Supplier_16","Bakery"
"P0276","Popcorn","20.21",117,"2028-04-15",2,"Yes","1.6",7,5,"Supplier_1","Seafood"
"P0277","Juice","63.72",397,"2028-04-16",26,"No","2.4",2,8,"Supplier_15","Beverages"
"P0278","Yogurt","27.41",266,"2028-04-17",18,"No","3.6",6,4,"Supplier_13","Dairy"
"P0279","Muffin","98.69",53,"2028-04-18",34,"Yes","4.7",2,3,"Supplier_15","Snacks"
"P0280","Tuna","52.66",265,"2028-04-19",6,"Yes","3.9",15,2,"Supplier_4","Meat"
"P0281","Cheese","4.27",265,"2028-04-20",14,"No","4.2",1,6,"Supplier_3","Fruits"
"P0282","Muffin","47.76",188,"2028-04-21",46,"No","4.8",4,1,"Supplier_7","Bakery"
"P0283","Potato","44.07",418,"2028-04-22",20,"Yes","3.4",6,1,"Supplier_13","Bakery"
"P0284","Frozen Peas","33.72",423,"2028-04-23",13,"No","2.6",5,3,"Supplier_10","Snacks"
"P0285","Chips","8.34",345,"2028-04-24",2,"Yes","2.3",20,8,"Supplier_2","Beverages"
"P0286","Popcorn","78.79",111,"2028-04-25",25,"No","3.1",12,3,"Supplier_11","Snacks"
"P0287","Potato","52.12",340,"2028-03-31",37,"No","1.3",7,9,"Supplier_1","Vegetables"
"P0288","Tea","51.38",467,"2028-04-01",5,"Yes","4.2",10,1,"Supplier_8","Bakery"
"P0289","Tuna","84.95",381,"2028-04-02",42,"No","2.1",13,1,"Supplier_19","Bakery"
"P0290","Pizza","41.44",447,"2028-04-03",32,"Yes","3.2",15,5,"Supplier_4","Seafood"
"P0291","Cake","73.52",269,"2028-04-04",11,"Yes","3.4",10,1,"Supplier_8","Bakery"
"P0292","Tea","42.48",22,"2028-04-05",46,"Yes","4.2",4,4,"Supplier_7","Dairy"
"P0293","Tea","18.93",64,"2028-04-06",7,"No","3.0",5,2,"Supplier_10","Meat"
"P0294","Coffee","14.29",61,"2028-04-07",47,"Yes","3.5",19,6,"Supplier_14","Fruits"
"P0295","Chips","30.45",178,"2028-04-08",13,"Yes","4.1",17,9,"Supplier_6","Vegetables"
"P0296","Apple","7.27",254,"2028-04-09",15,"No","3.6",2,9,"Supplier_15","Vegetables"
"P0297","Carrot","54.27",223,"2028-04-10",34,"Yes","3.6",18,1,"Supplier_12","Bakery"
"P0298","Pork","63.63",234,"2028-04-11",40,"Yes","4.3",12,6,"Supplier_11","Fruits"
"P0299","Juice","41.80",273,"2028-04-12",3,"No","4.7",7,1,"Supplier_1","Bakery"
"P0300","Yogurt","45.68",380,"2028-04-13",20,"Yes","3.2",19,8,"Supplier_14","Beverages"
"P0301","Juice","65.37",410,"2028-04-14",37,"No","3.8",15,3,"Supplier_4","Snacks"
"P0302","Apple","89.37",375,"2028-04-15",11,"No","1.8",16,4,"Supplier_9","Dairy"
"P0303","Pizza","22.42",277,"2028-04-16",6,"No","4.3",3,7,"Supplier_20","Frozen Foods"
"P0304","Carrot","45.85",134,"2028-04-17",33,"No","1.5",11,7,"Supplier_16","Frozen Foods"
"P0305","Beef","47.39",304,"2028-04-18",27,"No","1.5",2,7,"Supplier_15","Frozen Foods"
"P0306","Tuna","85.83",483,"2028-04-19",6,"Yes","3.2",19,1,"Supplier_14","Bakery"
"P0307","Tomato","57.67",488,"2028-04-20",5,"No","2.7",12,2,"Supplier_11","Meat"
"P0308","Salmon","91.92",98,"2028-04-21",28,"Yes","2.6",2,2,"Supplier_15","Meat"
"P0309","Muffin","5.34",299,"2028-04-22",28,"No","4.8",20,5,"Supplier_2","Seafood"
"P0310","Tomato","77.79",390,"2028-04-23",47,"No","4.5",3,5,"Supplier_20","Seafood"
"P0311","Chips","58.51",77,"2028-04-24",35,"Yes","3.2",2,2,"Supplier_15","Meat"
"P0312","Cookies","52.23",324,"2028-04-25",17,"No","2.5",18,8,"Supplier_12","Beverages"
"P0313","Muffin","23.81",168,"2028-03-31",7,"Yes","1.3",8,8,"Supplier_5","Beverages"
"P0314","Frozen Peas","20.61",37,"2028-04-01",28,"Yes","4.2",2,7,"Supplier_15","Frozen Foods"
"P0315","Frozen Peas","89.03",211,"2028-04-02",47,"Yes","4.1",8,1,"Supplier_5","Bakery"
"P0316","Milk","77.72",62,"2028-04-03",25,"No","2.9",13,4,"Supplier_19","Dairy"
"P0317","Banana","83.99",421,"2028-04-04",8,"No","2.3",20,5,"Supplier_2","Seafood"
"P0318","Chicken","96.62",451,"2028-04-05",26,"Yes","1.0",9,5,"Supplier_17","Seafood"
"P0319","Milk","62.07",52,"2028-04-06",46,"Yes","2.9",2,6,"Supplier_15","Fruits"
"P0320","Juice","58.54",233,"2028-04-07",5,"No","4.9",5,2,"Supplier_10","Meat"
"P0321","Bread","36.96",424,"2028-04-08",38,"Yes","1.9",13,2,"Supplier_19","Meat"
"P0322","Banana","51.19",269,"2028-04-09",24,"No","4.0",14,7,"Supplier_18","Frozen Foods"
"P0323","Milk","89.03",322,"2028-04-10",21,"Yes","3.9",13,8,"Supplier_19","Beverages"
"P0324","Chicken","6.85",313,"2028-04-11",42,"Yes","2.8",18,2,"Supplier_12","Meat"
"P0325","Pizza","56.60",428,"2028-04-12",38,"Yes","1.7",18,5,"Supplier_12","Seafood"
"P0326","Apple","87.83",299,"2028-04-13",4,"Yes","4.4",7,4,"Supplier_1","Dairy"
"P0327","Popcorn","74.77",414,"2028-04-14",2,"Yes","2.2",11,4,"Supplier_16","Dairy"
"P0328","Cheese","13.46",391,"2028-04-15",22,"Yes","2.2",3,8,"Supplier_20","Beverages"
"P0329","Cake","14.21",376,"2028-04-16",42,"No","4.0",13,3,"Supplier_19","Snacks"
"P0330","Shrimp","48.18",91,"2028-04-17",27,"Yes","1.3",6,3,"Supplier_13","Snacks"
"P0331","Beef","12.38",279,"2028-04-18",38,"No","1.1",1,3,"Supplier_3","Snacks"
"P0332","Bread","23.00",282,"2028-04-19",42,"No","2.4",18,6,"Supplier_12","Fruits"
"P0333","Tuna","37.28",233,"2028-04-20",18,"Yes","4.5",3,9,"Supplier_20","Vegetables"
"P0334","Juice","18.65",10,"2028-04-21",17,"No","3.0",20,6,"Supplier_2","Fruits"
"P0335","Chicken","63.92",143,"2028-04-22",46,"No","2.3",11,5,"Supplier_16","Seafood"
"P0336","Bread","12.95",225,"2028-04-23",10,"Yes","2.0",17,7,"Supplier_6","Frozen Foods"
"P0337","Chips","83.50",331,"2028-04-24",15,"No","4.5",4,4,"Supplier_7","Dairy"
"P0338","Bread","78.81",244,"2028-04-25",31,"Yes","2.2",20,9,"Supplier_2","Vegetables"
"P0339","Salmon","78.14",395,"2028-03-31",14,"Yes","4.9",6,9,"Supplier_13","Vegetables"
"P0340","Orange","3.53",467,"2028-04-01",35,"Yes","2.1",12,2,"Supplier_11","Meat"
"P0341","Tea","92.54",129,"2028-04-02",13,"No","2.6",18,9,"Supplier_12","Vegetables"
"P0342","Yogurt","38.69",480,"2028-04-03",10,"Yes","2.5",10,3,"Supplier_8","Snacks"
"P0343","Tea","57.18",304,"2028-04-04",47,"No","1.0",2,4,"Supplier_15","Dairy"
"P0344","Tomato","11.71",484,"2028-04-05",11,"No","2.8",13,9,"Supplier_19","Vegetables"
"P0345","Apple","68.52",465,"2028-04-06",2,"No","1.9",12,1,"Supplier_11","Bakery"
"P0346","Apple","30.97",226,"2028-04-07",42,"Yes","3.3",3,7,"Supplier_20","Frozen Foods"
"P0347","Cheese","72.50",268,"2028-04-08",33,"No","1.1",7,2,"Supplier_1","Meat"
"P0348","Pork","2.00",388,"2028-04-09",46,"No","2.2",9,1,"Supplier_17","Bakery"
"P0349","Banana","70.75",69,"2028-04-10",29,"Yes","3.0",3,5,"Supplier_20","Seafood"
"P0350","Bread","84.96",444,"2028-04-11",23,"Yes","3.3",20,2,"Supplier_2","Meat"
"P0351","Milk","86.44",450,"2028-04-12",4,"No","2.4",13,2,"Supplier_19","Meat"
"P0352","Muffin","15.16",312,"2028-04-13",6,"No","1.7",17,9,"Supplier_6","Vegetables"
"P0353","Cookies","18.59",441,"2028-04-14",35,"No","2.8",7,4,"Supplier_1","Dairy"
"P0354","Popcorn","65.22",226,"2028-04-15",25,"Yes","4.9",12,1,"Supplier_11","Bakery"
"P0355","Pizza","17.07",264,"2028-04-16",10,"No","2.3",5,1,"Supplier_10","Bakery"
"P0356","Apple","66.23",24,"2028-04-17",11,"Yes","3.9",14,4,"Supplier_18","Dairy"
"P0357","Juice","42.17",114,"2028-04-18",35,"Yes","3.1",11,1,"Supplier_16","Bakery"
"P0358","Beef","89.45",21,"2028-04-19",31,"Yes","1.6",13,5,"Supplier_19","Seafood"
"P0359","Frozen Peas","9.41",66,"2028-04-20",11,"Yes","4.4",2,4,"Supplier_15","Dairy"
"P0360","Banana","22.79",91,"2028-04-21",17,"No","4.8",6,2,"Supplier_13","Meat"
"P0361","Ice Cream","6.39",223,"2028-04-22",13,"Yes","3.8",3,7,"Supplier_20","Frozen Foods"
"P0362","Tea","38.29",497,"2028-04-23",40,"No","3.6",7,1,"Supplier_1","Bakery"
"P0363","Ice Cream","67.08",327,"2028-04-24",22,"No","2.7",8,6,"Supplier_5","Fruits"
"P0364","Yogurt","61.63",454,"2028-04-25",36,"Yes","3.6",4,2,"Supplier_7","Meat"
"P0365","Frozen Peas","76.66",280,"2028-03-31",13,"No","4.2",15,8,"Supplier_4","Beverages"
"P0366","Yogurt","81.23",108,"2028-04-01",2,"No","2.5",5,5,"Supplier_10","Seafood"
"P0367","Cake","69.98",236,"2028-04-02",15,"No","4.5",17,8,"Supplier_6","Beverages"
"P0368","Cookies","22.20",91,"2028-04-03",39,"Yes","3.7",15,8,"Supplier_4","Beverages"
"P0369","Frozen Peas","27.02",359,"2028-04-04",25,"Yes","2.5",19,6,"Supplier_14","Fruits"
"P0370","Tomato","23.12",233,"2028-04-05",37,"Yes","3.7",18,5,"Supplier_12","Seafood"
"P0371","Pizza","61.43",229,"2028-04-06",3,"Yes","3.0",15,8,"Supplier_4","Beverages"
"P0372","Salmon","56.64",161,"2028-04-07",21,"No","3.5",12,3,"Supplier_11","Snacks"
"P0373","Pork","64.32",161,"2028-04-08",40,"No","1.4",4,3,"Supplier_7","Snacks"
"P0374","Juice","60.92",245,"2028-04-09",12,"No","4.1",3,8,"Supplier_20","Beverages"
"P0375","Bread","83.82",222,"2028-04-10",23,"No","3.4",19,6,"Supplier_14","Fruits"
"P0376","Cheese","92.65",83,"2028-04-11",28,"No","2.5",18,5,"Supplier_12","Seafood"
"P0377","Bread","10.47",33,"2028-04-12",46,"Yes","2.6",8,3,"Supplier_5","Snacks"
"P0378","Popcorn","73.85",14,"2028-04-13",41,"No","1.1",8,6,"Supplier_5","Fruits"
"P0379","Potato","63.04",282,"2028-04-14",6,"Yes","3.4",6,6,"Supplier_13","Fruits"
"P0380","Pork","58.68",80,"2028-04-15",2,"No","3.3",12,1,"Supplier_11","Bakery"
"P0381","Apple","49.37",28,"2028-04-16",16,"No","2.3",12,5,"Supplier_11","Seafood"
"P0382","Pizza","87.89",243,"2028-04-17",17,"Yes","3.4",7,8,"Supplier_1","Beverages"
"P0383","Frozen Peas","40.75",471,"2028-04-18",14,"No","1.9",3,1,"Supplier_20","Bakery"
"P0384","Ice Cream","43.52",72,"2028-04-19",4,"Yes","3.3",7,4,"Supplier_1","Dairy"
"P0385","Frozen Peas","98.75",434,"2028-04-20",31,"Yes","1.8",7,7,"Supplier_1","Frozen Foods"
"P0386","Chicken","21.22",273,"2028-04-21",39,"No","2.0",20,8,"Supplier_2","Beverages"
"P0387","Pork","92.24",370,"2028-04-22",39,"No","4.4",18,4,"Supplier_12","Dairy"
"P0388","Potato","82.46",122,"2028-04-23",30,"Yes","4.9",12,7,"Supplier_11","Frozen Foods"
"P0389","Potato","26.68",405,"2028-04-24",45,"Yes","2.3",16,5,"Supplier_9","Seafood"
"P0390","Popcorn","1.05",461,"2028-04-25",6,"Yes","1.0",19,4,"Supplier_14","Dairy"
"P0391","Yogurt","66.16",344,"2028-03-31",27,"Yes","1.0",13,9,"Supplier_19","Vegetables"
"P0392","Beef","40.06",178,"2028-04-01",49,"Yes","3.6",3,7,"Supplier_20","Frozen Foods"
"P0393","Ice Cream","15.62",36,"2028-04-02",10,"Yes","1.6",8,7,"Supplier_5","Frozen Foods"
"P0394","Frozen Peas","55.09",282,"2028-04-03",0,"No","2.1",9,2,"Supplier_17","Meat"
"P0395","Pizza","65.21",453,"2028-04-04",14,"Yes","2.1",11,8,"Supplier_16","Beverages"
"P0396","Shrimp","90.19",149,"2028-04-05",4,"No","1.6",17,3,"Supplier_6","Snacks"
"P0397","Beef","10.57",48,"2028-04-06",4,"Yes","4.9",18,7,"Supplier_12","Frozen Foods"
"P0398","Potato","81.15",30,"2028-04-07",50,"No","3.6",19,6,"Supplier_14","Fruits"
"P0399","Beef","59.56",12,"2028-04-08",16,"No","1.9",20,8,"Supplier_2","Beverages"
"P0400","Ice Cream","68.76",179,"2028-04-09",43,"No","3.3",4,3,"Supplier_7","Snacks"
"P0401","Shrimp","58.14",16,"2028-04-10",8,"Yes","2.8",12,3,"Supplier_11","Snacks"
"P0402","Bread","30.82",181,"2028-04-11",15,"No","2.5",11,3,"Supplier_16","Snacks"
"P0403","Chips","60.51",435,"2028-04-12",5,"Yes","2.7",15,8,"Supplier_4","Beverages"
"P0404","Ice Cream","10.06",94,"2028-04-13",34,"No","3.1",17,3,"Supplier_6","Snacks"
"P0405","Bread","32.90",109,"2028-04-14",2,"No","4.6",5,1,"Supplier_10","Bakery"
"P0406","Pork","51.05",195,"2028-04-15",14,"Yes","3.7",9,6,"Supplier_17","Fruits"
"P0407","Cookies","56.33",218,"2028-04-16",12,"Yes","2.9",9,9,"Supplier_17","Vegetables"
"P0408","Beef","34.63",325,"2028-04-17",18,"Yes","1.5",18,6,"Supplier_12","Fruits"
"P0428","Shrimp","77.18",318,"2028-04-11",35,"No","4.1",2,6,"Supplier_15","Fruits"
"P0429","Tuna","72.75",181,"2028-04-12",7,"No","1.8",7,7,"Supplier_1","Frozen Foods"
"P0430","Yogurt","42.56",266,"2028-04-13",46,"Yes","3.4",12,5,"Supplier_11","Seafood"
"P0431","Muffin","28.53",154,"2028-04-14",14,"No","2.7",20,1,"Supplier_2","Bakery"
"P0432","Ice Cream","2.64",245,"2028-04-15",39,"Yes","2.9",17,4,"Supplier_6","Dairy"
"P0433","Muffin","23.09",307,"2028-04-16",4,"No","1.8",5,3,"Supplier_10","Snacks"
"P0434","Chips","32.34",139,"2028-04-17",27,"No","3.9",6,3,"Supplier_13","Snacks"
"P0435","Beef","95.93",118,"2028-04-18",5,"No","2.8",17,7,"Supplier_6","Frozen Foods"
"P0436","Apple","78.06",351,"2028-04-19",19,"Yes","3.0",13,9,"Supplier_19","Vegetables"
"P0437","Banana","27.29",61,"2028-04-20",9,"Yes","5.0",16,4,"Supplier_9","Dairy"
"P0438","Tomato","61.81",142,"2028-04-21",40,"No","3.2",15,6,"Supplier_4","Fruits"
"P0439","Pork","42.76",494,"2028-04-22",31,"No","1.8",5,4,"Supplier_10","Dairy"
"P0410","Orange","31.19",40,"2028-04-19",36,"Yes","3.6",17,3,"Supplier_6","Snacks"
"P0411","Shrimp","70.74",179,"2028-04-20",18,"No","2.4",4,7,"Supplier_7","Frozen Foods"
"P0412","Cake","88.68",105,"2028-04-21",16,"No","2.4",6,5,"Supplier_13","Seafood"
"P0413","Bread","71.85",154,"2028-04-22",9,"No","3.7",19,8,"Supplier_14","Beverages"
"P0414","Cake","92.56",282,"2028-04-23",38,"Yes","3.2",13,8,"Supplier_19","Beverages"
"P0415","Bread","1.53",99,"2028-04-24",0,"No","2.5",16,8,"Supplier_9","Beverages"
"P0416","Tomato","98.02",461,"2028-04-25",7,"Yes","4.2",10,8,"Supplier_8","Beverages"
"P0417","Salmon","2.32",347,"2028-03-31",7,"Yes","3.5",19,7,"Supplier_14","Frozen Foods"
"P0418","Cookies","7.19",246,"2028-04-01",11,"No","4.9",14,7,"Supplier_18","Frozen Foods"
"P0419","Shrimp","8.38",398,"2028-04-02",41,"No","4.7",10,7,"Supplier_8","Frozen Foods"
"P0420","Tea","51.67",314,"2028-04-03",49,"Yes","1.8",19,1,"Supplier_14","Bakery"
"P0421","Apple","10.94",250,"2028-04-04",20,"Yes","4.0",9,5,"Supplier_17","Seafood"
"P0422","Juice","41.95",65,"2028-04-05",29,"No","1.3",2,4,"Supplier_15","Dairy"
"P0423","Pork","89.25",463,"2028-04-06",27,"Yes","1.1",3,1,"Supplier_20","Bakery"
"P0424","Salmon","97.29",18,"2028-04-07",45,"Yes","2.7",17,4,"Supplier_6","Dairy"
"P0425","Orange","87.84",351,"2028-04-08",3,"Yes","1.3",17,2,"Supplier_6","Meat"
"P0426","Banana","81.45",133,"2028-04-09",7,"No","4.7",4,7,"Supplier_7","Frozen Foods"
"P0427","Carrot","83.52",86,"2028-04-10",2,"Yes","1.9",3,8,"Supplier_20","Beverages"
"P0440","Cheese","86.62",353,"2028-04-23",14,"No","3.8",18,7,"Supplier_12","Frozen Foods"
"P0441","Banana","60.25",436,"2028-04-24",42,"No","2.9",12,2,"Supplier_11","Meat"
"P0442","Beef","96.93",222,"2028-04-25",12,"Yes","3.1",8,2,"Supplier_5","Meat"
"P0443","Coffee","38.83",48,"2028-03-31",27,"No","3.8",17,7,"Supplier_6","Frozen Foods"
"P0444","Apple","13.04",65,"2028-04-01",4,"No","4.8",9,8,"Supplier_17","Beverages"
"P0445","Salmon","39.95",419,"2028-04-02",41,"Yes","3.6",8,7,"Supplier_5","Frozen Foods"
"P0446","Coffee","61.88",180,"2028-04-03",4,"No","3.7",8,1,"Supplier_5","Bakery"
"P0447","Tuna","75.13",152,"2028-04-04",45,"Yes","1.8",2,9,"Supplier_15","Vegetables"
"P0448","Milk","71.83",198,"2028-04-05",16,"Yes","2.8",14,5,"Supplier_18","Seafood"
"P0449","Tomato","77.11",465,"2028-04-06",0,"Yes","1.5",8,9,"Supplier_5","Vegetables"
"P0450","Chips","66.87",236,"2028-04-07",38,"No","3.3",11,5,"Supplier_16","Seafood"
"P0451","Ice Cream","25.74",238,"2028-04-08",27,"No","3.1",14,5,"Supplier_18","Seafood"
"P0452","Potato","15.16",284,"2028-04-09",14,"No","4.9",8,1,"Supplier_5","Bakery"
"P0453","Muffin","23.01",458,"2028-04-10",22,"Yes","2.2",1,3,"Supplier_3","Snacks"
"P0454","Yogurt","30.21",172,"2028-04-11",2,"Yes","1.4",2,3,"Supplier_15","Snacks"
"P0455","Chips","7.37",432,"2028-04-12",43,"Yes","1.3",16,9,"Supplier_9","Vegetables"
"P0456","Cake","37.82",415,"2028-04-13",7,"Yes","1.3",17,7,"Supplier_6","Frozen Foods"
"P0457","Apple","95.05",300,"2028-04-14",31,"No","1.2",15,4,"Supplier_4","Dairy"
"P0458","Cake","21.79",318,"2028-04-15",49,"No","1.3",4,3,"Supplier_7","Snacks"
"P0459","Salmon","64.90",190,"2028-04-16",43,"No","3.2",1,7,"Supplier_3","Frozen Foods"
"P0460","Chicken","4.68",101,"2028-04-17",21,"Yes","2.3",12,5,"Supplier_11","Seafood"
"P0461","Tea","25.20",426,"2028-04-18",33,"Yes","3.4",6,2,"Supplier_13","Meat"
"P0462","Beef","98.88",311,"2028-04-19",6,"No","2.9",17,3,"Supplier_6","Snacks"
"P0463","Ice Cream","95.74",56,"2028-04-20",39,"No","2.3",1,2,"Supplier_3","Meat"
"P0464","Orange","36.42",24,"2028-04-21",49,"Yes","4.2",6,5,"Supplier_13","Seafood"
"P0465","Coffee","51.68",306,"2028-04-22",12,"Yes","2.3",20,6,"Supplier_2","Fruits"
"P0466","Coffee","83.94",337,"2028-04-23",18,"No","4.6",1,9,"Supplier_3","Vegetables"
"P0467","Popcorn","72.04",46,"2028-04-24",3,"Yes","3.6",13,1,"Supplier_19","Bakery"
"P0468","Chicken","75.22",95,"2028-04-25",2,"Yes","2.9",7,4,"Supplier_1","Dairy"
"P0469","Cookies","33.80",289,"2028-03-31",7,"Yes","3.8",8,6,"Supplier_5","Fruits"
"P0470","Pizza","55.02",297,"2028-04-01",20,"Yes","1.3",11,6,"Supplier_16","Fruits"
"P0471","Tuna","21.18",361,"2028-04-02",48,"Yes","1.8",17,9,"Supplier_6","Vegetables"
"P0472","Yogurt","70.51",308,"2028-04-03",8,"Yes","1.6",19,6,"Supplier_14","Fruits"
"P0473","Chips","97.08",109,"2028-04-04",40,"Yes","3.0",13,7,"Supplier_19","Frozen Foods"
"P0474","Muffin","2.50",332,"2028-04-05",32,"Yes","3.9",4,1,"Supplier_7","Bakery"
"P0475","Tomato","50.80",62,"2028-04-06",17,"No","2.0",9,3,"Supplier_17","Snacks"
"P0476","Coffee","52.93",228,"2028-04-07",35,"Yes","1.3",13,9,"Supplier_19","Vegetables"
"P0477","Shrimp","79.37",31,"2028-04-08",38,"No","3.1",13,5,"Supplier_19","Seafood"
"P0478","Muffin","69.62",107,"2028-04-09",43,"No","3.1",9,9,"Supplier_17","Vegetables"
"P0479","Frozen Peas","77.36",181,"2028-04-10",44,"No","2.7",9,8,"Supplier_17","Beverages"
"P0480","Pizza","87.80",354,"2028-04-11",31,"No","2.9",11,9,"Supplier_16","Vegetables"
"P0481","Cookies","1.47",413,"2028-04-12",6,"No","1.9",5,7,"Supplier_10","Frozen Foods"
"P0482","Cheese","41.98",328,"2028-04-13",29,"No","2.3",12,5,"Supplier_11","Seafood"
"P0483","Tuna","74.74",356,"2028-04-14",41,"Yes","2.8",3,2,"Supplier_20","Meat"
"P0484","Tuna","85.67",124,"2028-04-15",21,"No","2.4",19,2,"Supplier_14","Meat"
"P0485","Cheese","44.05",245,"2028-04-16",39,"Yes","3.5",15,8,"Supplier_4","Beverages"
"P0486","Chicken","11.10",281,"2028-04-17",46,"No","3.0",2,1,"Supplier_15","Bakery"
"P0487","Cheese","18.42",216,"2028-04-18",36,"No","4.4",15,5,"Supplier_4","Seafood"
"P0488","Orange","78.51",276,"2028-04-19",47,"No","3.2",9,7,"Supplier_17","Frozen Foods"
"P0489","Chips","11.69",469,"2028-04-20",32,"No","3.4",5,1,"Supplier_10","Bakery"
"P0490","Popcorn","10.07",107,"2028-04-21",6,"No","2.8",17,3,"Supplier_6","Snacks"
"P0491","Chips","96.49",185,"2028-04-22",36,"Yes","2.8",5,2,"Supplier_10","Meat"
"P0492","Milk","10.66",360,"2028-04-23",27,"Yes","4.4",16,5,"Supplier_9","Seafood"
"P0493","Tea","48.31",448,"2028-04-24",7,"Yes","3.0",9,2,"Supplier_17","Meat"
"P0494","Muffin","40.41",246,"2028-04-25",40,"Yes","4.9",8,2,"Supplier_5","Meat"
"P0495","Pork","77.45",298,"2028-03-31",16,"Yes","3.4",4,6,"Supplier_7","Fruits"
"P0496","Chicken","60.45",145,"2028-04-01",19,"Yes","2.3",16,8,"Supplier_9","Beverages"
"P0497","Yogurt","41.61",109,"2028-04-02",24,"No","4.5",16,7,"Supplier_9","Frozen Foods"
"P0498","Cookies","69.36",473,"2028-04-03",36,"No","4.7",16,1,"Supplier_9","Bakery"
"P0499","Beef","85.08",88,"2028-04-04",18,"No","2.9",12,6,"Supplier_11","Fruits"
"P0500","Tomato","50.74",192,"2028-04-05",17,"Yes","2.2",12,9,"Supplier_11","Vegetables"
"P0409","Shrimp","85.43",45,"2028-04-18",10,"No","4.1",3,9,"Supplier_20","Vegetables"
